,body
26100,"{'label': 'not sexist', 'score': 0.9993574023246765}"
191068,"{'label': 'not sexist', 'score': 0.9993853569030762}"
23258,"{'label': 'not sexist', 'score': 0.9987789988517761}"
338917,"{'label': 'not sexist', 'score': 0.9994159936904907}"
157732,"{'label': 'not sexist', 'score': 0.998375654220581}"
118435,"{'label': 'not sexist', 'score': 0.9986227750778198}"
325004,"{'label': 'not sexist', 'score': 0.9993795156478882}"
243300,"{'label': 'not sexist', 'score': 0.9991286396980286}"
87250,"{'label': 'not sexist', 'score': 0.9991056323051453}"
21229,"{'label': 'not sexist', 'score': 0.9992320537567139}"
78663,"{'label': 'not sexist', 'score': 0.9991862177848816}"
223986,"{'label': 'not sexist', 'score': 0.9986121654510498}"
62898,"{'label': 'not sexist', 'score': 0.9982719421386719}"
17289,"{'label': 'not sexist', 'score': 0.9994351267814636}"
4769,"{'label': 'not sexist', 'score': 0.9995455145835876}"
320313,"{'label': 'not sexist', 'score': 0.9994418025016785}"
334443,
348384,"{'label': 'not sexist', 'score': 0.9991418123245239}"
43721,"{'label': 'not sexist', 'score': 0.9989996552467346}"
358752,"{'label': 'not sexist', 'score': 0.9991751313209534}"
199361,"{'label': 'not sexist', 'score': 0.9986943602561951}"
233460,"{'label': 'not sexist', 'score': 0.9971954822540283}"
49365,"{'label': 'not sexist', 'score': 0.9989405274391174}"
230109,"{'label': 'not sexist', 'score': 0.9986124038696289}"
63798,"{'label': 'not sexist', 'score': 0.9990020394325256}"
23082,"{'label': 'not sexist', 'score': 0.9993046522140503}"
201814,"{'label': 'not sexist', 'score': 0.9967355132102966}"
15732,"{'label': 'not sexist', 'score': 0.9991746544837952}"
64438,"{'label': 'not sexist', 'score': 0.9989262223243713}"
282737,"{'label': 'not sexist', 'score': 0.9991267323493958}"
221693,"{'label': 'not sexist', 'score': 0.9991043210029602}"
208083,"{'label': 'not sexist', 'score': 0.9985866546630859}"
56515,"{'label': 'not sexist', 'score': 0.9990814924240112}"
58128,"{'label': 'not sexist', 'score': 0.9989374279975891}"
109645,"{'label': 'not sexist', 'score': 0.9990763664245605}"
105726,"{'label': 'not sexist', 'score': 0.999009370803833}"
208513,"{'label': 'not sexist', 'score': 0.9980518817901611}"
222790,"{'label': 'not sexist', 'score': 0.9989336133003235}"
193649,"{'label': 'not sexist', 'score': 0.9981124401092529}"
171154,"{'label': 'not sexist', 'score': 0.9995265007019043}"
275077,"{'label': 'not sexist', 'score': 0.9968892931938171}"
302989,"{'label': 'not sexist', 'score': 0.9989643096923828}"
351968,"{'label': 'not sexist', 'score': 0.9994708895683289}"
113185,
260771,"{'label': 'not sexist', 'score': 0.9993224143981934}"
359691,"{'label': 'not sexist', 'score': 0.9992724061012268}"
64246,"{'label': 'not sexist', 'score': 0.9991217255592346}"
30247,"{'label': 'not sexist', 'score': 0.9983383417129517}"
204645,"{'label': 'not sexist', 'score': 0.9862527251243591}"
176475,"{'label': 'not sexist', 'score': 0.9993643164634705}"
295000,"{'label': 'not sexist', 'score': 0.9994109869003296}"
192524,"{'label': 'not sexist', 'score': 0.9987229704856873}"
108695,
349970,"{'label': 'not sexist', 'score': 0.9987969398498535}"
19282,"{'label': 'not sexist', 'score': 0.9984461665153503}"
110585,"{'label': 'not sexist', 'score': 0.9991031885147095}"
39618,"{'label': 'not sexist', 'score': 0.9981365203857422}"
338625,"{'label': 'not sexist', 'score': 0.9994340538978577}"
229035,"{'label': 'not sexist', 'score': 0.9992914199829102}"
300224,"{'label': 'not sexist', 'score': 0.9980250597000122}"
130785,"{'label': 'not sexist', 'score': 0.9989401698112488}"
171619,"{'label': 'not sexist', 'score': 0.9980646967887878}"
43889,"{'label': 'not sexist', 'score': 0.9993211030960083}"
355244,"{'label': 'not sexist', 'score': 0.9990496039390564}"
62847,"{'label': 'not sexist', 'score': 0.9994465708732605}"
340899,"{'label': 'not sexist', 'score': 0.9991081357002258}"
77736,"{'label': 'not sexist', 'score': 0.9986202716827393}"
222721,"{'label': 'not sexist', 'score': 0.9992345571517944}"
300674,"{'label': 'not sexist', 'score': 0.9992491602897644}"
228135,"{'label': 'not sexist', 'score': 0.9994146823883057}"
72036,"{'label': 'not sexist', 'score': 0.9993351101875305}"
127076,"{'label': 'not sexist', 'score': 0.999099612236023}"
30532,"{'label': 'not sexist', 'score': 0.9995887875556946}"
320483,"{'label': 'not sexist', 'score': 0.9987475872039795}"
162978,"{'label': 'not sexist', 'score': 0.9983444213867188}"
43260,"{'label': 'not sexist', 'score': 0.9991323351860046}"
2254,"{'label': 'not sexist', 'score': 0.9992475509643555}"
235282,"{'label': 'not sexist', 'score': 0.9991763234138489}"
256232,"{'label': 'not sexist', 'score': 0.9988110065460205}"
37953,"{'label': 'not sexist', 'score': 0.9992843270301819}"
18288,"{'label': 'not sexist', 'score': 0.9979861974716187}"
49270,"{'label': 'not sexist', 'score': 0.9992247819900513}"
94113,"{'label': 'not sexist', 'score': 0.9994648098945618}"
287560,"{'label': 'not sexist', 'score': 0.9983412027359009}"
274767,"{'label': 'not sexist', 'score': 0.9987867474555969}"
31248,"{'label': 'not sexist', 'score': 0.9990173578262329}"
146908,"{'label': 'not sexist', 'score': 0.9993345141410828}"
105942,"{'label': 'not sexist', 'score': 0.9983162879943848}"
199059,"{'label': 'not sexist', 'score': 0.9540016651153564}"
5656,"{'label': 'not sexist', 'score': 0.9995191097259521}"
49391,"{'label': 'not sexist', 'score': 0.9972904920578003}"
331337,"{'label': 'not sexist', 'score': 0.9992969036102295}"
316204,"{'label': 'not sexist', 'score': 0.9990077614784241}"
115357,"{'label': 'not sexist', 'score': 0.99856036901474}"
323779,"{'label': 'not sexist', 'score': 0.9984545707702637}"
140018,"{'label': 'not sexist', 'score': 0.9990082383155823}"
345309,"{'label': 'not sexist', 'score': 0.9993670582771301}"
110700,"{'label': 'not sexist', 'score': 0.9991317391395569}"
338408,"{'label': 'not sexist', 'score': 0.9992388486862183}"
191698,"{'label': 'not sexist', 'score': 0.9993364214897156}"
222690,"{'label': 'not sexist', 'score': 0.9986116886138916}"
230730,"{'label': 'not sexist', 'score': 0.9992812275886536}"
263903,"{'label': 'not sexist', 'score': 0.9990524649620056}"
65205,"{'label': 'not sexist', 'score': 0.9976499676704407}"
133608,"{'label': 'not sexist', 'score': 0.9988064765930176}"
357913,"{'label': 'not sexist', 'score': 0.9994211196899414}"
144451,"{'label': 'not sexist', 'score': 0.9991317391395569}"
327956,"{'label': 'not sexist', 'score': 0.999128520488739}"
269414,"{'label': 'not sexist', 'score': 0.9989407658576965}"
288521,"{'label': 'not sexist', 'score': 0.9992395639419556}"
261103,"{'label': 'not sexist', 'score': 0.9986170530319214}"
219181,"{'label': 'not sexist', 'score': 0.9993565678596497}"
345591,"{'label': 'not sexist', 'score': 0.9988988637924194}"
9488,"{'label': 'not sexist', 'score': 0.9993335604667664}"
333178,"{'label': 'not sexist', 'score': 0.9993475079536438}"
104798,"{'label': 'not sexist', 'score': 0.9991828799247742}"
102365,"{'label': 'not sexist', 'score': 0.9990614056587219}"
336374,"{'label': 'not sexist', 'score': 0.9995446801185608}"
120630,"{'label': 'not sexist', 'score': 0.998563826084137}"
194822,"{'label': 'not sexist', 'score': 0.9985727071762085}"
251952,"{'label': 'not sexist', 'score': 0.9964522123336792}"
78292,"{'label': 'not sexist', 'score': 0.9992386102676392}"
95943,"{'label': 'not sexist', 'score': 0.9989023208618164}"
45593,"{'label': 'not sexist', 'score': 0.9982717037200928}"
223929,"{'label': 'not sexist', 'score': 0.9990884065628052}"
85615,"{'label': 'not sexist', 'score': 0.9986876845359802}"
337512,"{'label': 'not sexist', 'score': 0.9973435997962952}"
279453,"{'label': 'not sexist', 'score': 0.998965859413147}"
311855,"{'label': 'not sexist', 'score': 0.9992974996566772}"
241188,"{'label': 'not sexist', 'score': 0.9995229244232178}"
76577,"{'label': 'not sexist', 'score': 0.9991258978843689}"
62705,"{'label': 'not sexist', 'score': 0.9995946288108826}"
269995,"{'label': 'not sexist', 'score': 0.9990519881248474}"
53474,"{'label': 'not sexist', 'score': 0.9990671277046204}"
180496,"{'label': 'not sexist', 'score': 0.9991525411605835}"
52080,
63666,"{'label': 'not sexist', 'score': 0.9989659786224365}"
213311,"{'label': 'not sexist', 'score': 0.9989558458328247}"
110809,"{'label': 'not sexist', 'score': 0.9991866946220398}"
16131,"{'label': 'not sexist', 'score': 0.9990431666374207}"
277168,"{'label': 'not sexist', 'score': 0.9988052845001221}"
156350,"{'label': 'not sexist', 'score': 0.9987527132034302}"
86067,"{'label': 'not sexist', 'score': 0.9994574189186096}"
350253,"{'label': 'not sexist', 'score': 0.9988546371459961}"
79984,"{'label': 'not sexist', 'score': 0.9981125593185425}"
234727,"{'label': 'not sexist', 'score': 0.998475968837738}"
338159,"{'label': 'not sexist', 'score': 0.9993886947631836}"
100748,"{'label': 'not sexist', 'score': 0.9993738532066345}"
258378,"{'label': 'not sexist', 'score': 0.9991090893745422}"
288668,"{'label': 'not sexist', 'score': 0.9987194538116455}"
109280,"{'label': 'not sexist', 'score': 0.9990780353546143}"
328962,"{'label': 'not sexist', 'score': 0.9990323781967163}"
145683,"{'label': 'not sexist', 'score': 0.9991451501846313}"
242146,"{'label': 'not sexist', 'score': 0.9987253546714783}"
265167,"{'label': 'not sexist', 'score': 0.9992688298225403}"
80325,"{'label': 'not sexist', 'score': 0.9987637996673584}"
182428,"{'label': 'not sexist', 'score': 0.9982357025146484}"
129031,"{'label': 'not sexist', 'score': 0.9986938834190369}"
224541,"{'label': 'not sexist', 'score': 0.9989014863967896}"
283306,"{'label': 'not sexist', 'score': 0.9991480112075806}"
294668,"{'label': 'not sexist', 'score': 0.9982426166534424}"
240152,"{'label': 'not sexist', 'score': 0.9992762207984924}"
241860,"{'label': 'not sexist', 'score': 0.9986035227775574}"
198853,"{'label': 'not sexist', 'score': 0.999138355255127}"
95594,"{'label': 'not sexist', 'score': 0.9868739247322083}"
169953,"{'label': 'not sexist', 'score': 0.9991455078125}"
108811,"{'label': 'not sexist', 'score': 0.9991279244422913}"
162321,"{'label': 'not sexist', 'score': 0.9983788728713989}"
141876,"{'label': 'not sexist', 'score': 0.9989711046218872}"
328102,"{'label': 'not sexist', 'score': 0.9991598129272461}"
71185,"{'label': 'not sexist', 'score': 0.9993278980255127}"
4007,"{'label': 'not sexist', 'score': 0.9988763928413391}"
19781,
177717,"{'label': 'not sexist', 'score': 0.997920572757721}"
336327,"{'label': 'not sexist', 'score': 0.9991914629936218}"
214517,"{'label': 'not sexist', 'score': 0.9989253878593445}"
287805,"{'label': 'not sexist', 'score': 0.9986862540245056}"
334047,"{'label': 'not sexist', 'score': 0.9992578625679016}"
313575,"{'label': 'not sexist', 'score': 0.9988555908203125}"
232538,"{'label': 'not sexist', 'score': 0.9988742470741272}"
147964,"{'label': 'not sexist', 'score': 0.9994727969169617}"
256963,"{'label': 'not sexist', 'score': 0.9993744492530823}"
189235,"{'label': 'not sexist', 'score': 0.9987736344337463}"
163505,"{'label': 'not sexist', 'score': 0.9994794726371765}"
99946,"{'label': 'not sexist', 'score': 0.9987472295761108}"
52618,"{'label': 'not sexist', 'score': 0.9979662895202637}"
255797,"{'label': 'not sexist', 'score': 0.9987216591835022}"
129209,"{'label': 'not sexist', 'score': 0.9996042847633362}"
51572,"{'label': 'not sexist', 'score': 0.9984161853790283}"
32095,"{'label': 'not sexist', 'score': 0.9988873600959778}"
280322,"{'label': 'not sexist', 'score': 0.9978868365287781}"
310823,"{'label': 'not sexist', 'score': 0.9989921450614929}"
188969,"{'label': 'not sexist', 'score': 0.9991501569747925}"
318749,"{'label': 'not sexist', 'score': 0.9993054866790771}"
93042,"{'label': 'not sexist', 'score': 0.9993058443069458}"
249768,
283050,"{'label': 'not sexist', 'score': 0.9989156723022461}"
189773,"{'label': 'not sexist', 'score': 0.9983256459236145}"
118989,"{'label': 'not sexist', 'score': 0.9992408752441406}"
65222,"{'label': 'not sexist', 'score': 0.9990822076797485}"
241805,"{'label': 'not sexist', 'score': 0.9987264275550842}"
6135,"{'label': 'not sexist', 'score': 0.999103307723999}"
211234,"{'label': 'sexist', 'score': 0.9979540109634399}"
77916,"{'label': 'not sexist', 'score': 0.9980881810188293}"
27031,"{'label': 'not sexist', 'score': 0.9979153275489807}"
235456,"{'label': 'not sexist', 'score': 0.9988648891448975}"
102662,"{'label': 'not sexist', 'score': 0.9970794916152954}"
261921,"{'label': 'not sexist', 'score': 0.9990008473396301}"
316833,"{'label': 'not sexist', 'score': 0.9992790818214417}"
271597,"{'label': 'not sexist', 'score': 0.9986802935600281}"
155793,"{'label': 'not sexist', 'score': 0.9979331493377686}"
321507,"{'label': 'not sexist', 'score': 0.9992088675498962}"
213071,"{'label': 'not sexist', 'score': 0.9981520771980286}"
357637,"{'label': 'not sexist', 'score': 0.9994218349456787}"
266788,"{'label': 'not sexist', 'score': 0.9991181492805481}"
156740,"{'label': 'not sexist', 'score': 0.998945415019989}"
72552,"{'label': 'not sexist', 'score': 0.9985920786857605}"
295033,"{'label': 'not sexist', 'score': 0.9988203644752502}"
152837,"{'label': 'not sexist', 'score': 0.9992673993110657}"
162428,"{'label': 'not sexist', 'score': 0.9974552989006042}"
320796,"{'label': 'not sexist', 'score': 0.9987988471984863}"
150186,"{'label': 'not sexist', 'score': 0.9991555213928223}"
261876,"{'label': 'not sexist', 'score': 0.998917818069458}"
255281,"{'label': 'not sexist', 'score': 0.9990399479866028}"
203549,"{'label': 'not sexist', 'score': 0.9986051917076111}"
153979,"{'label': 'not sexist', 'score': 0.9987916350364685}"
322868,"{'label': 'not sexist', 'score': 0.9992801547050476}"
133838,"{'label': 'not sexist', 'score': 0.998501181602478}"
29361,"{'label': 'not sexist', 'score': 0.9995236396789551}"
60803,"{'label': 'not sexist', 'score': 0.9991464614868164}"
40906,"{'label': 'not sexist', 'score': 0.999242901802063}"
22752,"{'label': 'not sexist', 'score': 0.9994958639144897}"
249992,"{'label': 'not sexist', 'score': 0.996238112449646}"
209097,"{'label': 'not sexist', 'score': 0.9989560842514038}"
40171,"{'label': 'not sexist', 'score': 0.9990253448486328}"
78368,"{'label': 'not sexist', 'score': 0.9995274543762207}"
148606,"{'label': 'not sexist', 'score': 0.9974609613418579}"
285456,"{'label': 'not sexist', 'score': 0.9993990659713745}"
237525,"{'label': 'not sexist', 'score': 0.9989557266235352}"
91083,"{'label': 'not sexist', 'score': 0.999208390712738}"
193305,"{'label': 'not sexist', 'score': 0.9992031455039978}"
145612,"{'label': 'not sexist', 'score': 0.9939903020858765}"
359687,"{'label': 'not sexist', 'score': 0.9988917708396912}"
38183,"{'label': 'not sexist', 'score': 0.9990969896316528}"
209259,"{'label': 'not sexist', 'score': 0.9992177486419678}"
36864,"{'label': 'not sexist', 'score': 0.9992545247077942}"
109507,"{'label': 'not sexist', 'score': 0.9991368651390076}"
268816,"{'label': 'not sexist', 'score': 0.9994344115257263}"
339765,"{'label': 'not sexist', 'score': 0.9990482926368713}"
321420,"{'label': 'not sexist', 'score': 0.9988754391670227}"
39180,"{'label': 'not sexist', 'score': 0.9990703463554382}"
5243,"{'label': 'not sexist', 'score': 0.9987902045249939}"
85169,"{'label': 'not sexist', 'score': 0.9991382360458374}"
103394,"{'label': 'not sexist', 'score': 0.9986440539360046}"
180913,"{'label': 'not sexist', 'score': 0.9987199306488037}"
109323,"{'label': 'not sexist', 'score': 0.9991639852523804}"
30260,"{'label': 'not sexist', 'score': 0.9991857409477234}"
14491,"{'label': 'not sexist', 'score': 0.9993669390678406}"
153644,"{'label': 'not sexist', 'score': 0.9991893172264099}"
341553,"{'label': 'not sexist', 'score': 0.9992192983627319}"
286352,"{'label': 'not sexist', 'score': 0.9989640712738037}"
119690,"{'label': 'not sexist', 'score': 0.9989199638366699}"
110518,"{'label': 'not sexist', 'score': 0.9986007809638977}"
334792,"{'label': 'not sexist', 'score': 0.9991043210029602}"
280391,"{'label': 'not sexist', 'score': 0.9993852376937866}"
216518,"{'label': 'not sexist', 'score': 0.9992533326148987}"
102524,"{'label': 'not sexist', 'score': 0.9988442659378052}"
148832,"{'label': 'not sexist', 'score': 0.9988740086555481}"
187416,"{'label': 'not sexist', 'score': 0.9929584264755249}"
110683,"{'label': 'not sexist', 'score': 0.9989004135131836}"
309264,"{'label': 'not sexist', 'score': 0.9986512064933777}"
76070,"{'label': 'not sexist', 'score': 0.998640239238739}"
319510,"{'label': 'not sexist', 'score': 0.9991753697395325}"
133490,"{'label': 'not sexist', 'score': 0.9909528493881226}"
212422,"{'label': 'not sexist', 'score': 0.9991632699966431}"
144304,"{'label': 'not sexist', 'score': 0.9987406134605408}"
288826,"{'label': 'not sexist', 'score': 0.9986945986747742}"
345668,"{'label': 'not sexist', 'score': 0.9925845265388489}"
200817,"{'label': 'not sexist', 'score': 0.9987325072288513}"
228030,"{'label': 'not sexist', 'score': 0.9996066689491272}"
199755,"{'label': 'not sexist', 'score': 0.9108145833015442}"
236222,"{'label': 'not sexist', 'score': 0.999468982219696}"
42958,"{'label': 'not sexist', 'score': 0.9991944432258606}"
74345,"{'label': 'not sexist', 'score': 0.9995871186256409}"
292688,"{'label': 'not sexist', 'score': 0.991310715675354}"
346622,"{'label': 'not sexist', 'score': 0.9971387386322021}"
260210,"{'label': 'not sexist', 'score': 0.9987982511520386}"
96241,"{'label': 'not sexist', 'score': 0.9990014433860779}"
158590,"{'label': 'not sexist', 'score': 0.9991169571876526}"
133369,"{'label': 'not sexist', 'score': 0.9990260601043701}"
213352,"{'label': 'not sexist', 'score': 0.9980411529541016}"
27864,"{'label': 'not sexist', 'score': 0.9991989731788635}"
24545,"{'label': 'not sexist', 'score': 0.9994713664054871}"
257976,"{'label': 'not sexist', 'score': 0.9993769526481628}"
26057,"{'label': 'not sexist', 'score': 0.9982228875160217}"
247262,"{'label': 'not sexist', 'score': 0.9992412328720093}"
107041,"{'label': 'not sexist', 'score': 0.9990322589874268}"
338350,"{'label': 'not sexist', 'score': 0.998999297618866}"
163914,"{'label': 'not sexist', 'score': 0.9994014501571655}"
38022,"{'label': 'not sexist', 'score': 0.9983687996864319}"
359376,"{'label': 'not sexist', 'score': 0.9984397292137146}"
259284,"{'label': 'not sexist', 'score': 0.998810887336731}"
296664,"{'label': 'not sexist', 'score': 0.9989883303642273}"
246781,"{'label': 'not sexist', 'score': 0.9992659687995911}"
60885,"{'label': 'not sexist', 'score': 0.999428927898407}"
180380,"{'label': 'not sexist', 'score': 0.9992358684539795}"
292618,"{'label': 'not sexist', 'score': 0.9989803433418274}"
351613,"{'label': 'not sexist', 'score': 0.9991403818130493}"
200617,"{'label': 'not sexist', 'score': 0.9975161552429199}"
76160,"{'label': 'not sexist', 'score': 0.9992474317550659}"
6709,"{'label': 'not sexist', 'score': 0.9988271594047546}"
246215,"{'label': 'not sexist', 'score': 0.999243974685669}"
35688,"{'label': 'not sexist', 'score': 0.9989317059516907}"
236240,"{'label': 'not sexist', 'score': 0.9995478987693787}"
263307,"{'label': 'not sexist', 'score': 0.9991704225540161}"
54968,"{'label': 'not sexist', 'score': 0.9989250302314758}"
165104,"{'label': 'not sexist', 'score': 0.9994220733642578}"
103832,"{'label': 'not sexist', 'score': 0.9990566372871399}"
206677,"{'label': 'not sexist', 'score': 0.9988629817962646}"
212778,"{'label': 'not sexist', 'score': 0.9993077516555786}"
303771,"{'label': 'not sexist', 'score': 0.9976643323898315}"
163679,"{'label': 'not sexist', 'score': 0.9983435869216919}"
167709,"{'label': 'not sexist', 'score': 0.9990766048431396}"
42228,"{'label': 'not sexist', 'score': 0.9984649419784546}"
282626,"{'label': 'not sexist', 'score': 0.9972364902496338}"
273223,"{'label': 'not sexist', 'score': 0.9992964267730713}"
196766,"{'label': 'not sexist', 'score': 0.9988589286804199}"
30430,"{'label': 'not sexist', 'score': 0.9990338087081909}"
172984,"{'label': 'not sexist', 'score': 0.9991914629936218}"
324834,"{'label': 'not sexist', 'score': 0.9990218877792358}"
286372,"{'label': 'not sexist', 'score': 0.9991822838783264}"
160278,"{'label': 'not sexist', 'score': 0.9992699027061462}"
20686,"{'label': 'not sexist', 'score': 0.9985963702201843}"
305661,"{'label': 'not sexist', 'score': 0.9992421865463257}"
358892,"{'label': 'not sexist', 'score': 0.9989060163497925}"
244310,"{'label': 'not sexist', 'score': 0.9995930790901184}"
7065,"{'label': 'not sexist', 'score': 0.9993261098861694}"
330879,"{'label': 'not sexist', 'score': 0.9990940093994141}"
266389,"{'label': 'not sexist', 'score': 0.9989063739776611}"
321122,"{'label': 'not sexist', 'score': 0.9968155026435852}"
258747,"{'label': 'not sexist', 'score': 0.9993908405303955}"
220072,"{'label': 'not sexist', 'score': 0.9983318448066711}"
304779,"{'label': 'not sexist', 'score': 0.9989818930625916}"
968,"{'label': 'not sexist', 'score': 0.9993001222610474}"
29551,"{'label': 'not sexist', 'score': 0.9990735054016113}"
179403,"{'label': 'not sexist', 'score': 0.9981620907783508}"
290436,"{'label': 'not sexist', 'score': 0.9987097978591919}"
143895,
23597,"{'label': 'not sexist', 'score': 0.9991286396980286}"
100856,"{'label': 'not sexist', 'score': 0.9994366765022278}"
135797,"{'label': 'not sexist', 'score': 0.9991515874862671}"
187754,"{'label': 'not sexist', 'score': 0.9976958632469177}"
358389,"{'label': 'not sexist', 'score': 0.9989984631538391}"
271960,"{'label': 'sexist', 'score': 0.8929910659790039}"
353417,"{'label': 'not sexist', 'score': 0.9988158941268921}"
338128,"{'label': 'not sexist', 'score': 0.9987598657608032}"
160463,"{'label': 'not sexist', 'score': 0.9986690282821655}"
233768,"{'label': 'not sexist', 'score': 0.9990744590759277}"
294842,"{'label': 'not sexist', 'score': 0.9990938901901245}"
218432,"{'label': 'not sexist', 'score': 0.9992296695709229}"
181706,"{'label': 'not sexist', 'score': 0.9993502497673035}"
267319,"{'label': 'not sexist', 'score': 0.9992715716362}"
231943,"{'label': 'not sexist', 'score': 0.9985657334327698}"
345761,"{'label': 'not sexist', 'score': 0.9987826943397522}"
43817,"{'label': 'not sexist', 'score': 0.9995304346084595}"
203593,"{'label': 'not sexist', 'score': 0.9990822076797485}"
331974,"{'label': 'not sexist', 'score': 0.9980284571647644}"
302091,"{'label': 'not sexist', 'score': 0.9988341927528381}"
281426,"{'label': 'not sexist', 'score': 0.9991515874862671}"
286047,"{'label': 'not sexist', 'score': 0.9987097978591919}"
196052,"{'label': 'not sexist', 'score': 0.9990599751472473}"
321440,"{'label': 'not sexist', 'score': 0.9987539052963257}"
223188,"{'label': 'not sexist', 'score': 0.9990652203559875}"
195141,"{'label': 'not sexist', 'score': 0.9992874264717102}"
55788,"{'label': 'not sexist', 'score': 0.9992152452468872}"
346439,"{'label': 'not sexist', 'score': 0.9958447813987732}"
52020,"{'label': 'not sexist', 'score': 0.9992315769195557}"
245145,"{'label': 'not sexist', 'score': 0.9983242154121399}"
231200,"{'label': 'not sexist', 'score': 0.9990501999855042}"
32006,"{'label': 'not sexist', 'score': 0.99847811460495}"
89627,"{'label': 'not sexist', 'score': 0.9988973140716553}"
53505,"{'label': 'not sexist', 'score': 0.998889148235321}"
80229,"{'label': 'not sexist', 'score': 0.9993520379066467}"
75477,"{'label': 'not sexist', 'score': 0.9991794228553772}"
298842,"{'label': 'not sexist', 'score': 0.9991707801818848}"
337398,"{'label': 'not sexist', 'score': 0.9982776641845703}"
110261,"{'label': 'not sexist', 'score': 0.9991374015808105}"
50286,"{'label': 'not sexist', 'score': 0.8199297785758972}"
30943,"{'label': 'not sexist', 'score': 0.99857497215271}"
161963,"{'label': 'not sexist', 'score': 0.9994445443153381}"
284851,"{'label': 'not sexist', 'score': 0.999089241027832}"
301730,"{'label': 'not sexist', 'score': 0.9987698197364807}"
204927,"{'label': 'not sexist', 'score': 0.9975612163543701}"
174203,"{'label': 'not sexist', 'score': 0.9988627433776855}"
85641,"{'label': 'not sexist', 'score': 0.9986300468444824}"
58432,"{'label': 'not sexist', 'score': 0.9989271759986877}"
24971,"{'label': 'not sexist', 'score': 0.998444139957428}"
315587,"{'label': 'not sexist', 'score': 0.9989646673202515}"
189377,"{'label': 'not sexist', 'score': 0.9989350438117981}"
283300,"{'label': 'not sexist', 'score': 0.9992493987083435}"
111643,"{'label': 'not sexist', 'score': 0.9991852641105652}"
253105,"{'label': 'not sexist', 'score': 0.998088538646698}"
202963,"{'label': 'not sexist', 'score': 0.9990875720977783}"
10365,"{'label': 'not sexist', 'score': 0.9994655251502991}"
86473,"{'label': 'not sexist', 'score': 0.9987446069717407}"
173894,"{'label': 'not sexist', 'score': 0.9985987544059753}"
61190,"{'label': 'not sexist', 'score': 0.9992455244064331}"
161097,"{'label': 'not sexist', 'score': 0.9992928504943848}"
23233,"{'label': 'not sexist', 'score': 0.9984050393104553}"
356781,"{'label': 'not sexist', 'score': 0.9972672462463379}"
187918,"{'label': 'not sexist', 'score': 0.9973004460334778}"
278581,"{'label': 'not sexist', 'score': 0.9991952776908875}"
121777,"{'label': 'not sexist', 'score': 0.9986151456832886}"
164157,"{'label': 'not sexist', 'score': 0.9994925260543823}"
67904,"{'label': 'not sexist', 'score': 0.9995850920677185}"
326339,"{'label': 'not sexist', 'score': 0.9985219836235046}"
100120,"{'label': 'not sexist', 'score': 0.9993010759353638}"
315640,"{'label': 'not sexist', 'score': 0.9982914328575134}"
160564,"{'label': 'not sexist', 'score': 0.9993597865104675}"
186901,"{'label': 'not sexist', 'score': 0.9981533885002136}"
89826,"{'label': 'not sexist', 'score': 0.9987844824790955}"
349572,"{'label': 'not sexist', 'score': 0.9949331879615784}"
208677,"{'label': 'not sexist', 'score': 0.9935073852539062}"
198774,"{'label': 'not sexist', 'score': 0.9985882639884949}"
98984,"{'label': 'not sexist', 'score': 0.9993234872817993}"
259170,
180660,"{'label': 'not sexist', 'score': 0.9982715845108032}"
63270,"{'label': 'not sexist', 'score': 0.9989352822303772}"
22369,"{'label': 'not sexist', 'score': 0.9995023012161255}"
83163,"{'label': 'not sexist', 'score': 0.9986849427223206}"
257970,"{'label': 'not sexist', 'score': 0.999357283115387}"
198513,"{'label': 'not sexist', 'score': 0.9982684850692749}"
226968,"{'label': 'not sexist', 'score': 0.9993372559547424}"
230406,"{'label': 'not sexist', 'score': 0.999136745929718}"
238454,"{'label': 'not sexist', 'score': 0.998223602771759}"
46538,"{'label': 'not sexist', 'score': 0.9991523027420044}"
164408,"{'label': 'not sexist', 'score': 0.9990936517715454}"
287467,"{'label': 'not sexist', 'score': 0.9994534850120544}"
326050,"{'label': 'not sexist', 'score': 0.9973583817481995}"
260295,"{'label': 'not sexist', 'score': 0.9979647397994995}"
321914,"{'label': 'not sexist', 'score': 0.9990326166152954}"
1976,"{'label': 'not sexist', 'score': 0.9983460903167725}"
58239,"{'label': 'not sexist', 'score': 0.9995007514953613}"
226061,"{'label': 'not sexist', 'score': 0.9986932873725891}"
69609,"{'label': 'not sexist', 'score': 0.9996525049209595}"
133280,"{'label': 'not sexist', 'score': 0.9992932081222534}"
92933,"{'label': 'not sexist', 'score': 0.9987741112709045}"
263697,"{'label': 'not sexist', 'score': 0.998848557472229}"
217081,"{'label': 'not sexist', 'score': 0.999388575553894}"
352833,"{'label': 'not sexist', 'score': 0.9965692758560181}"
241140,"{'label': 'not sexist', 'score': 0.9994339346885681}"
122505,"{'label': 'not sexist', 'score': 0.9989308714866638}"
38588,"{'label': 'not sexist', 'score': 0.9990043044090271}"
292279,"{'label': 'not sexist', 'score': 0.9995545744895935}"
232023,"{'label': 'not sexist', 'score': 0.9990326166152954}"
135084,
226355,"{'label': 'not sexist', 'score': 0.998271107673645}"
342677,"{'label': 'not sexist', 'score': 0.9993371367454529}"
248596,"{'label': 'not sexist', 'score': 0.9992056488990784}"
225061,"{'label': 'not sexist', 'score': 0.9993347525596619}"
170689,"{'label': 'not sexist', 'score': 0.9991233944892883}"
120410,"{'label': 'not sexist', 'score': 0.9985753297805786}"
152369,"{'label': 'not sexist', 'score': 0.9993293285369873}"
149961,"{'label': 'not sexist', 'score': 0.9993705153465271}"
25356,"{'label': 'not sexist', 'score': 0.9990925788879395}"
40223,"{'label': 'not sexist', 'score': 0.9989425539970398}"
214088,"{'label': 'not sexist', 'score': 0.9995421171188354}"
148625,"{'label': 'not sexist', 'score': 0.9987608194351196}"
308790,"{'label': 'not sexist', 'score': 0.9993910789489746}"
76466,"{'label': 'not sexist', 'score': 0.9980779886245728}"
145108,"{'label': 'not sexist', 'score': 0.9993564486503601}"
75084,"{'label': 'not sexist', 'score': 0.9993900060653687}"
102676,"{'label': 'not sexist', 'score': 0.9988530874252319}"
242484,"{'label': 'not sexist', 'score': 0.9984831213951111}"
270878,"{'label': 'not sexist', 'score': 0.9994710087776184}"
81745,"{'label': 'not sexist', 'score': 0.9978348612785339}"
221099,"{'label': 'not sexist', 'score': 0.9984186887741089}"
358017,"{'label': 'not sexist', 'score': 0.9988899827003479}"
138945,"{'label': 'not sexist', 'score': 0.9979143738746643}"
268909,"{'label': 'not sexist', 'score': 0.9991293549537659}"
178125,"{'label': 'not sexist', 'score': 0.9993201494216919}"
149460,"{'label': 'not sexist', 'score': 0.9988287091255188}"
243875,"{'label': 'not sexist', 'score': 0.9987928867340088}"
319382,"{'label': 'not sexist', 'score': 0.9993147850036621}"
259093,"{'label': 'not sexist', 'score': 0.9991564750671387}"
121957,"{'label': 'not sexist', 'score': 0.9991660118103027}"
135661,"{'label': 'not sexist', 'score': 0.9981210827827454}"
298081,"{'label': 'not sexist', 'score': 0.9993461966514587}"
133525,"{'label': 'not sexist', 'score': 0.9994016885757446}"
199720,"{'label': 'not sexist', 'score': 0.9992213249206543}"
98301,"{'label': 'not sexist', 'score': 0.9968913197517395}"
321940,"{'label': 'not sexist', 'score': 0.9991017580032349}"
9939,"{'label': 'not sexist', 'score': 0.9991679191589355}"
187457,"{'label': 'not sexist', 'score': 0.9979707598686218}"
164247,"{'label': 'not sexist', 'score': 0.9991428852081299}"
107937,"{'label': 'not sexist', 'score': 0.9988077878952026}"
317286,"{'label': 'not sexist', 'score': 0.9995417594909668}"
354107,"{'label': 'not sexist', 'score': 0.9992380142211914}"
259904,"{'label': 'not sexist', 'score': 0.9991517066955566}"
43909,"{'label': 'not sexist', 'score': 0.9992951154708862}"
206247,"{'label': 'not sexist', 'score': 0.9991542100906372}"
112082,"{'label': 'not sexist', 'score': 0.9989427924156189}"
200407,"{'label': 'not sexist', 'score': 0.9992194175720215}"
139043,"{'label': 'not sexist', 'score': 0.9985523819923401}"
156639,"{'label': 'not sexist', 'score': 0.9986365437507629}"
283870,"{'label': 'not sexist', 'score': 0.9993859529495239}"
62056,"{'label': 'not sexist', 'score': 0.9990062117576599}"
326774,"{'label': 'not sexist', 'score': 0.998721182346344}"
203277,"{'label': 'not sexist', 'score': 0.9993999004364014}"
254032,"{'label': 'not sexist', 'score': 0.9990019202232361}"
123816,"{'label': 'not sexist', 'score': 0.9990622401237488}"
46075,"{'label': 'not sexist', 'score': 0.9993038177490234}"
244028,"{'label': 'not sexist', 'score': 0.9982501864433289}"
183700,"{'label': 'not sexist', 'score': 0.9992908239364624}"
70065,"{'label': 'not sexist', 'score': 0.9986733198165894}"
353982,"{'label': 'not sexist', 'score': 0.9991624355316162}"
29032,"{'label': 'not sexist', 'score': 0.9984789490699768}"
162440,"{'label': 'not sexist', 'score': 0.9987257122993469}"
5913,"{'label': 'sexist', 'score': 0.8325258493423462}"
187302,"{'label': 'not sexist', 'score': 0.996381402015686}"
62635,"{'label': 'not sexist', 'score': 0.9989928603172302}"
43195,"{'label': 'not sexist', 'score': 0.9992548823356628}"
50964,"{'label': 'not sexist', 'score': 0.9990381002426147}"
1378,"{'label': 'not sexist', 'score': 0.9990988969802856}"
274294,"{'label': 'not sexist', 'score': 0.9992944002151489}"
42161,"{'label': 'not sexist', 'score': 0.9991186261177063}"
245419,"{'label': 'not sexist', 'score': 0.9989858269691467}"
241603,"{'label': 'not sexist', 'score': 0.9985698461532593}"
4650,"{'label': 'not sexist', 'score': 0.9983173608779907}"
29322,"{'label': 'not sexist', 'score': 0.9994706511497498}"
143720,"{'label': 'not sexist', 'score': 0.9990490078926086}"
270670,"{'label': 'not sexist', 'score': 0.9992208480834961}"
4853,"{'label': 'not sexist', 'score': 0.9990509152412415}"
176762,"{'label': 'not sexist', 'score': 0.9980493783950806}"
14461,"{'label': 'not sexist', 'score': 0.9995991587638855}"
359640,"{'label': 'not sexist', 'score': 0.9988676309585571}"
309706,"{'label': 'not sexist', 'score': 0.9990543723106384}"
209559,"{'label': 'not sexist', 'score': 0.9985874891281128}"
64304,"{'label': 'not sexist', 'score': 0.9993197917938232}"
326773,"{'label': 'not sexist', 'score': 0.9989884495735168}"
120098,"{'label': 'not sexist', 'score': 0.998637855052948}"
142102,"{'label': 'not sexist', 'score': 0.999045193195343}"
89254,"{'label': 'not sexist', 'score': 0.9992128610610962}"
332923,"{'label': 'not sexist', 'score': 0.9991269707679749}"
37728,"{'label': 'not sexist', 'score': 0.9985417127609253}"
330099,"{'label': 'not sexist', 'score': 0.9990437626838684}"
72887,"{'label': 'not sexist', 'score': 0.9991760849952698}"
171453,"{'label': 'not sexist', 'score': 0.9994059801101685}"
96589,"{'label': 'not sexist', 'score': 0.9983693957328796}"
308543,"{'label': 'not sexist', 'score': 0.9986652135848999}"
194969,"{'label': 'not sexist', 'score': 0.9989521503448486}"
181334,"{'label': 'not sexist', 'score': 0.9979335069656372}"
293315,"{'label': 'not sexist', 'score': 0.9995017051696777}"
58389,"{'label': 'not sexist', 'score': 0.999407172203064}"
175582,"{'label': 'not sexist', 'score': 0.9990977048873901}"
80696,"{'label': 'not sexist', 'score': 0.9989961981773376}"
303824,"{'label': 'not sexist', 'score': 0.9992521405220032}"
28177,"{'label': 'not sexist', 'score': 0.9994593262672424}"
38572,"{'label': 'not sexist', 'score': 0.9993473887443542}"
147996,"{'label': 'not sexist', 'score': 0.9988316893577576}"
282348,"{'label': 'not sexist', 'score': 0.9982032775878906}"
134225,"{'label': 'not sexist', 'score': 0.9991276860237122}"
228935,"{'label': 'not sexist', 'score': 0.9990136623382568}"
209328,"{'label': 'not sexist', 'score': 0.99899822473526}"
149670,"{'label': 'not sexist', 'score': 0.9987280964851379}"
185157,"{'label': 'not sexist', 'score': 0.9992382526397705}"
181885,"{'label': 'not sexist', 'score': 0.9984803795814514}"
32301,"{'label': 'not sexist', 'score': 0.9983946681022644}"
107717,"{'label': 'not sexist', 'score': 0.9990166425704956}"
126981,"{'label': 'not sexist', 'score': 0.9989055395126343}"
298378,"{'label': 'not sexist', 'score': 0.9991432428359985}"
286880,"{'label': 'not sexist', 'score': 0.9994891881942749}"
58620,"{'label': 'not sexist', 'score': 0.9993636012077332}"
240329,"{'label': 'not sexist', 'score': 0.999091386795044}"
81967,"{'label': 'not sexist', 'score': 0.9988107681274414}"
69640,"{'label': 'not sexist', 'score': 0.9988378882408142}"
239885,"{'label': 'not sexist', 'score': 0.9994288086891174}"
12766,"{'label': 'not sexist', 'score': 0.9986690282821655}"
272157,"{'label': 'not sexist', 'score': 0.9994230270385742}"
147468,"{'label': 'not sexist', 'score': 0.9990442395210266}"
330809,"{'label': 'not sexist', 'score': 0.9989950060844421}"
354010,"{'label': 'not sexist', 'score': 0.9983623623847961}"
103362,"{'label': 'not sexist', 'score': 0.9983540773391724}"
71207,"{'label': 'not sexist', 'score': 0.9988092184066772}"
290558,"{'label': 'not sexist', 'score': 0.998360812664032}"
122905,"{'label': 'not sexist', 'score': 0.9993829727172852}"
308408,"{'label': 'not sexist', 'score': 0.999091386795044}"
279272,"{'label': 'not sexist', 'score': 0.9995293617248535}"
190359,"{'label': 'not sexist', 'score': 0.9991642236709595}"
226948,"{'label': 'not sexist', 'score': 0.9983617663383484}"
212237,"{'label': 'not sexist', 'score': 0.9979172348976135}"
57327,"{'label': 'not sexist', 'score': 0.9987719655036926}"
344580,"{'label': 'not sexist', 'score': 0.9996151924133301}"
120225,"{'label': 'not sexist', 'score': 0.9985308647155762}"
299274,"{'label': 'not sexist', 'score': 0.9994211196899414}"
39715,"{'label': 'not sexist', 'score': 0.9991061091423035}"
44612,"{'label': 'not sexist', 'score': 0.9961974620819092}"
211617,"{'label': 'not sexist', 'score': 0.9989732503890991}"
28389,"{'label': 'not sexist', 'score': 0.9989773035049438}"
323499,"{'label': 'not sexist', 'score': 0.9996441602706909}"
166360,"{'label': 'not sexist', 'score': 0.9985748529434204}"
243757,"{'label': 'not sexist', 'score': 0.9992440938949585}"
54674,"{'label': 'not sexist', 'score': 0.9990793466567993}"
358629,"{'label': 'not sexist', 'score': 0.9989553689956665}"
122903,"{'label': 'not sexist', 'score': 0.9990692734718323}"
306698,"{'label': 'not sexist', 'score': 0.9992522597312927}"
306894,"{'label': 'not sexist', 'score': 0.9995092153549194}"
313687,"{'label': 'not sexist', 'score': 0.9988351464271545}"
22308,"{'label': 'not sexist', 'score': 0.9996131062507629}"
134470,"{'label': 'not sexist', 'score': 0.9985769987106323}"
165236,"{'label': 'not sexist', 'score': 0.9979113936424255}"
178343,"{'label': 'not sexist', 'score': 0.9960848093032837}"
151457,"{'label': 'not sexist', 'score': 0.9995003938674927}"
80768,"{'label': 'not sexist', 'score': 0.9993488192558289}"
198226,"{'label': 'not sexist', 'score': 0.9991045594215393}"
132971,"{'label': 'not sexist', 'score': 0.9975042939186096}"
281929,"{'label': 'not sexist', 'score': 0.9990288019180298}"
325535,"{'label': 'not sexist', 'score': 0.9992332458496094}"
130912,"{'label': 'not sexist', 'score': 0.9986318945884705}"
97083,"{'label': 'sexist', 'score': 0.9967527985572815}"
46257,"{'label': 'not sexist', 'score': 0.999403715133667}"
227894,"{'label': 'not sexist', 'score': 0.9986345171928406}"
182307,"{'label': 'not sexist', 'score': 0.9994582533836365}"
349969,"{'label': 'not sexist', 'score': 0.9986010193824768}"
40589,"{'label': 'not sexist', 'score': 0.9993563294410706}"
239496,"{'label': 'not sexist', 'score': 0.9989892840385437}"
110691,"{'label': 'not sexist', 'score': 0.9989239573478699}"
190905,"{'label': 'not sexist', 'score': 0.9993257522583008}"
130056,"{'label': 'not sexist', 'score': 0.998809814453125}"
132042,"{'label': 'not sexist', 'score': 0.9992902278900146}"
88372,"{'label': 'not sexist', 'score': 0.9992421865463257}"
165830,"{'label': 'not sexist', 'score': 0.999194324016571}"
211544,"{'label': 'not sexist', 'score': 0.9993818998336792}"
89394,"{'label': 'not sexist', 'score': 0.9989838004112244}"
986,"{'label': 'not sexist', 'score': 0.9976770281791687}"
285723,
322805,"{'label': 'not sexist', 'score': 0.9990911483764648}"
115859,"{'label': 'not sexist', 'score': 0.9925727844238281}"
348516,"{'label': 'not sexist', 'score': 0.9991734623908997}"
52119,
89240,"{'label': 'not sexist', 'score': 0.9991003274917603}"
343895,"{'label': 'not sexist', 'score': 0.9989870190620422}"
308578,"{'label': 'not sexist', 'score': 0.9991636276245117}"
64679,"{'label': 'not sexist', 'score': 0.9982525706291199}"
258703,"{'label': 'not sexist', 'score': 0.9987261891365051}"
259661,"{'label': 'not sexist', 'score': 0.9986458420753479}"
341365,"{'label': 'not sexist', 'score': 0.9992889165878296}"
220488,"{'label': 'not sexist', 'score': 0.9995311498641968}"
228131,
26587,"{'label': 'not sexist', 'score': 0.9993734955787659}"
179566,"{'label': 'not sexist', 'score': 0.9985338449478149}"
75805,"{'label': 'not sexist', 'score': 0.9983640313148499}"
19851,"{'label': 'not sexist', 'score': 0.9990584254264832}"
102098,"{'label': 'not sexist', 'score': 0.9992560744285583}"
70815,"{'label': 'not sexist', 'score': 0.9973844885826111}"
7149,"{'label': 'not sexist', 'score': 0.998826801776886}"
262790,"{'label': 'not sexist', 'score': 0.9986420273780823}"
78091,"{'label': 'not sexist', 'score': 0.7590855956077576}"
104879,"{'label': 'not sexist', 'score': 0.9987817406654358}"
307884,"{'label': 'not sexist', 'score': 0.9854452013969421}"
153489,"{'label': 'not sexist', 'score': 0.9994565844535828}"
332628,"{'label': 'not sexist', 'score': 0.998461127281189}"
68338,"{'label': 'not sexist', 'score': 0.9985979199409485}"
315645,"{'label': 'not sexist', 'score': 0.9973363280296326}"
34199,"{'label': 'not sexist', 'score': 0.9979797005653381}"
25444,"{'label': 'not sexist', 'score': 0.9983805418014526}"
341546,"{'label': 'not sexist', 'score': 0.99919193983078}"
78720,"{'label': 'sexist', 'score': 0.9827325344085693}"
273575,"{'label': 'not sexist', 'score': 0.9982097148895264}"
20758,"{'label': 'sexist', 'score': 0.9986575841903687}"
253360,"{'label': 'not sexist', 'score': 0.9994519352912903}"
83976,"{'label': 'not sexist', 'score': 0.998838484287262}"
103638,"{'label': 'not sexist', 'score': 0.999261200428009}"
47577,"{'label': 'not sexist', 'score': 0.9995298385620117}"
20877,"{'label': 'not sexist', 'score': 0.9992850422859192}"
359885,"{'label': 'not sexist', 'score': 0.9991326928138733}"
313002,"{'label': 'not sexist', 'score': 0.9987261891365051}"
15606,"{'label': 'not sexist', 'score': 0.9990140199661255}"
121649,"{'label': 'not sexist', 'score': 0.9992569088935852}"
85985,"{'label': 'not sexist', 'score': 0.9991244673728943}"
238474,"{'label': 'not sexist', 'score': 0.9993234872817993}"
331542,"{'label': 'not sexist', 'score': 0.999291181564331}"
26570,"{'label': 'not sexist', 'score': 0.9989091157913208}"
10742,"{'label': 'not sexist', 'score': 0.9982936978340149}"
303166,"{'label': 'not sexist', 'score': 0.9993796348571777}"
65972,"{'label': 'not sexist', 'score': 0.9991334080696106}"
292414,"{'label': 'not sexist', 'score': 0.9991334080696106}"
50615,"{'label': 'not sexist', 'score': 0.9993508458137512}"
56308,"{'label': 'not sexist', 'score': 0.9989458918571472}"
100214,"{'label': 'not sexist', 'score': 0.9985218644142151}"
310454,"{'label': 'not sexist', 'score': 0.995772659778595}"
311612,"{'label': 'not sexist', 'score': 0.9992308616638184}"
246568,"{'label': 'not sexist', 'score': 0.9989896416664124}"
211206,"{'label': 'not sexist', 'score': 0.9980300068855286}"
271063,"{'label': 'not sexist', 'score': 0.9986720085144043}"
267139,"{'label': 'not sexist', 'score': 0.999213695526123}"
162452,"{'label': 'not sexist', 'score': 0.9991545677185059}"
208086,"{'label': 'not sexist', 'score': 0.9984787106513977}"
78967,"{'label': 'not sexist', 'score': 0.9993699193000793}"
348450,"{'label': 'not sexist', 'score': 0.9978894591331482}"
151300,"{'label': 'not sexist', 'score': 0.9989703893661499}"
92093,"{'label': 'not sexist', 'score': 0.9984729886054993}"
267035,"{'label': 'not sexist', 'score': 0.9991710186004639}"
358323,"{'label': 'not sexist', 'score': 0.9987764954566956}"
252387,"{'label': 'not sexist', 'score': 0.998963475227356}"
98720,"{'label': 'not sexist', 'score': 0.9986264705657959}"
256190,"{'label': 'not sexist', 'score': 0.9985519051551819}"
31352,"{'label': 'not sexist', 'score': 0.997092604637146}"
10891,"{'label': 'not sexist', 'score': 0.9984136819839478}"
108006,"{'label': 'not sexist', 'score': 0.9753727912902832}"
4380,"{'label': 'not sexist', 'score': 0.9994691014289856}"
182018,"{'label': 'not sexist', 'score': 0.9988353848457336}"
176030,"{'label': 'not sexist', 'score': 0.9991666078567505}"
289965,"{'label': 'not sexist', 'score': 0.9989694356918335}"
162140,"{'label': 'not sexist', 'score': 0.9990562796592712}"
263913,"{'label': 'not sexist', 'score': 0.9989663362503052}"
253743,"{'label': 'not sexist', 'score': 0.9988440275192261}"
58878,"{'label': 'not sexist', 'score': 0.9991760849952698}"
265490,"{'label': 'not sexist', 'score': 0.9655020236968994}"
199847,"{'label': 'not sexist', 'score': 0.9992897510528564}"
197405,"{'label': 'not sexist', 'score': 0.9991931319236755}"
236516,"{'label': 'not sexist', 'score': 0.998319685459137}"
82470,"{'label': 'not sexist', 'score': 0.9983519315719604}"
188182,"{'label': 'not sexist', 'score': 0.9983850717544556}"
163572,"{'label': 'not sexist', 'score': 0.9988043308258057}"
176279,"{'label': 'not sexist', 'score': 0.9994332194328308}"
284692,"{'label': 'not sexist', 'score': 0.9991230368614197}"
350867,"{'label': 'not sexist', 'score': 0.9970303773880005}"
214951,"{'label': 'not sexist', 'score': 0.9307317733764648}"
194713,"{'label': 'not sexist', 'score': 0.9991347193717957}"
39135,"{'label': 'not sexist', 'score': 0.9991717338562012}"
190180,"{'label': 'not sexist', 'score': 0.9986807703971863}"
33191,"{'label': 'not sexist', 'score': 0.9991238713264465}"
102837,"{'label': 'not sexist', 'score': 0.9992722868919373}"
26897,"{'label': 'not sexist', 'score': 0.9991795420646667}"
89351,"{'label': 'not sexist', 'score': 0.9987534284591675}"
250967,"{'label': 'not sexist', 'score': 0.9987660646438599}"
102117,"{'label': 'not sexist', 'score': 0.9978852868080139}"
136714,"{'label': 'not sexist', 'score': 0.998562753200531}"
258235,"{'label': 'not sexist', 'score': 0.9987955093383789}"
74141,"{'label': 'not sexist', 'score': 0.9984455704689026}"
336253,"{'label': 'not sexist', 'score': 0.9993919134140015}"
33134,"{'label': 'not sexist', 'score': 0.9990862607955933}"
27110,"{'label': 'not sexist', 'score': 0.9982113838195801}"
357860,"{'label': 'not sexist', 'score': 0.9993182420730591}"
352605,"{'label': 'not sexist', 'score': 0.9982216954231262}"
81879,"{'label': 'not sexist', 'score': 0.9987280964851379}"
21708,"{'label': 'not sexist', 'score': 0.7108020186424255}"
47099,"{'label': 'not sexist', 'score': 0.9994169473648071}"
113268,"{'label': 'not sexist', 'score': 0.9990672469139099}"
219619,"{'label': 'not sexist', 'score': 0.999258816242218}"
120765,"{'label': 'not sexist', 'score': 0.9993651509284973}"
327229,"{'label': 'not sexist', 'score': 0.9976934790611267}"
223563,"{'label': 'not sexist', 'score': 0.9987599849700928}"
214861,"{'label': 'not sexist', 'score': 0.9973242282867432}"
58137,"{'label': 'not sexist', 'score': 0.9995924830436707}"
279251,"{'label': 'not sexist', 'score': 0.998768150806427}"
226577,"{'label': 'not sexist', 'score': 0.9993543028831482}"
261501,"{'label': 'not sexist', 'score': 0.9990125894546509}"
116367,
71073,"{'label': 'not sexist', 'score': 0.9994173049926758}"
205431,"{'label': 'not sexist', 'score': 0.9984052777290344}"
37100,"{'label': 'not sexist', 'score': 0.9988994598388672}"
350856,"{'label': 'not sexist', 'score': 0.9966622591018677}"
326616,"{'label': 'not sexist', 'score': 0.9992914199829102}"
245153,"{'label': 'not sexist', 'score': 0.999017596244812}"
88636,"{'label': 'not sexist', 'score': 0.9989321827888489}"
113282,"{'label': 'not sexist', 'score': 0.9994544386863708}"
210562,"{'label': 'not sexist', 'score': 0.9985802173614502}"
157769,"{'label': 'not sexist', 'score': 0.9975646734237671}"
228931,"{'label': 'not sexist', 'score': 0.998902440071106}"
327035,"{'label': 'not sexist', 'score': 0.9988861680030823}"
170777,"{'label': 'not sexist', 'score': 0.9990168809890747}"
236141,"{'label': 'not sexist', 'score': 0.9990787506103516}"
236843,"{'label': 'not sexist', 'score': 0.9992185831069946}"
290735,"{'label': 'not sexist', 'score': 0.9989398121833801}"
119986,"{'label': 'not sexist', 'score': 0.9991576671600342}"
216582,"{'label': 'not sexist', 'score': 0.9995856881141663}"
248546,"{'label': 'not sexist', 'score': 0.9986806511878967}"
345964,"{'label': 'not sexist', 'score': 0.9989609718322754}"
226972,"{'label': 'not sexist', 'score': 0.999201238155365}"
141521,"{'label': 'not sexist', 'score': 0.9992313385009766}"
224160,"{'label': 'not sexist', 'score': 0.9982094764709473}"
114975,"{'label': 'not sexist', 'score': 0.9992238283157349}"
174363,"{'label': 'not sexist', 'score': 0.998264729976654}"
27271,"{'label': 'not sexist', 'score': 0.9982123374938965}"
131950,"{'label': 'not sexist', 'score': 0.9988730549812317}"
224354,"{'label': 'not sexist', 'score': 0.9990382194519043}"
334672,"{'label': 'not sexist', 'score': 0.9993450045585632}"
19928,"{'label': 'not sexist', 'score': 0.9985692501068115}"
270858,"{'label': 'not sexist', 'score': 0.9992691874504089}"
213429,"{'label': 'not sexist', 'score': 0.9993172883987427}"
56263,"{'label': 'not sexist', 'score': 0.9979726672172546}"
118893,"{'label': 'not sexist', 'score': 0.9989904761314392}"
206399,"{'label': 'not sexist', 'score': 0.9988251328468323}"
47930,"{'label': 'not sexist', 'score': 0.9991225600242615}"
75137,"{'label': 'not sexist', 'score': 0.9994065761566162}"
321360,"{'label': 'not sexist', 'score': 0.993337869644165}"
147962,"{'label': 'not sexist', 'score': 0.9988614320755005}"
92002,"{'label': 'not sexist', 'score': 0.9991757273674011}"
159833,"{'label': 'not sexist', 'score': 0.9985007047653198}"
24485,"{'label': 'not sexist', 'score': 0.9990561604499817}"
193888,"{'label': 'not sexist', 'score': 0.9933550357818604}"
41275,"{'label': 'not sexist', 'score': 0.999125063419342}"
321531,"{'label': 'not sexist', 'score': 0.9988952279090881}"
258380,"{'label': 'not sexist', 'score': 0.9984582662582397}"
199044,"{'label': 'not sexist', 'score': 0.9994707703590393}"
128165,"{'label': 'not sexist', 'score': 0.9991212487220764}"
159427,"{'label': 'not sexist', 'score': 0.9989043474197388}"
251504,"{'label': 'not sexist', 'score': 0.9985982775688171}"
216196,"{'label': 'not sexist', 'score': 0.9993509650230408}"
47827,"{'label': 'not sexist', 'score': 0.9993407130241394}"
293373,"{'label': 'not sexist', 'score': 0.9992491602897644}"
217502,"{'label': 'not sexist', 'score': 0.9983288645744324}"
355652,"{'label': 'not sexist', 'score': 0.9974374771118164}"
213065,"{'label': 'not sexist', 'score': 0.9988320469856262}"
113059,"{'label': 'not sexist', 'score': 0.9975093603134155}"
223135,"{'label': 'not sexist', 'score': 0.9988452196121216}"
29694,"{'label': 'not sexist', 'score': 0.9994532465934753}"
5120,"{'label': 'not sexist', 'score': 0.9991905093193054}"
18716,"{'label': 'not sexist', 'score': 0.9986571073532104}"
17381,"{'label': 'not sexist', 'score': 0.9991890788078308}"
238849,"{'label': 'not sexist', 'score': 0.9992571473121643}"
354702,"{'label': 'not sexist', 'score': 0.9988008737564087}"
65837,"{'label': 'not sexist', 'score': 0.9994826316833496}"
75833,"{'label': 'not sexist', 'score': 0.9992461204528809}"
9214,"{'label': 'not sexist', 'score': 0.998625636100769}"
29392,"{'label': 'not sexist', 'score': 0.9993458390235901}"
184416,"{'label': 'not sexist', 'score': 0.9986227750778198}"
57628,"{'label': 'sexist', 'score': 0.9980429410934448}"
139343,"{'label': 'not sexist', 'score': 0.9981905817985535}"
309382,"{'label': 'not sexist', 'score': 0.9987867474555969}"
258575,"{'label': 'not sexist', 'score': 0.9988388419151306}"
84919,"{'label': 'not sexist', 'score': 0.9984935522079468}"
285022,"{'label': 'not sexist', 'score': 0.9986807703971863}"
269154,"{'label': 'not sexist', 'score': 0.9981856942176819}"
132471,"{'label': 'not sexist', 'score': 0.9989619255065918}"
30978,"{'label': 'not sexist', 'score': 0.9992161989212036}"
198287,"{'label': 'not sexist', 'score': 0.999097466468811}"
237136,"{'label': 'not sexist', 'score': 0.9988195300102234}"
167668,"{'label': 'not sexist', 'score': 0.9993332028388977}"
163907,"{'label': 'not sexist', 'score': 0.9995121955871582}"
250017,"{'label': 'not sexist', 'score': 0.9994051456451416}"
193415,"{'label': 'not sexist', 'score': 0.9991466999053955}"
127007,"{'label': 'not sexist', 'score': 0.9988616704940796}"
237612,"{'label': 'not sexist', 'score': 0.998690664768219}"
333353,"{'label': 'not sexist', 'score': 0.9991231560707092}"
145305,"{'label': 'not sexist', 'score': 0.9990677237510681}"
263511,"{'label': 'not sexist', 'score': 0.9987571239471436}"
239140,"{'label': 'not sexist', 'score': 0.9988692402839661}"
187583,"{'label': 'not sexist', 'score': 0.9991152882575989}"
168008,"{'label': 'not sexist', 'score': 0.9994705319404602}"
345548,"{'label': 'not sexist', 'score': 0.9995771050453186}"
123026,"{'label': 'not sexist', 'score': 0.9989540576934814}"
256490,"{'label': 'not sexist', 'score': 0.9988753199577332}"
287116,"{'label': 'not sexist', 'score': 0.9992049336433411}"
311082,"{'label': 'not sexist', 'score': 0.9990814924240112}"
210558,"{'label': 'not sexist', 'score': 0.9987917542457581}"
332554,"{'label': 'not sexist', 'score': 0.9989228844642639}"
127087,"{'label': 'not sexist', 'score': 0.9989161491394043}"
192679,"{'label': 'not sexist', 'score': 0.9985542893409729}"
229716,"{'label': 'not sexist', 'score': 0.9995334148406982}"
201429,"{'label': 'not sexist', 'score': 0.999184787273407}"
298881,"{'label': 'not sexist', 'score': 0.9977523684501648}"
233767,"{'label': 'not sexist', 'score': 0.9993422627449036}"
254466,"{'label': 'not sexist', 'score': 0.9993365406990051}"
115735,"{'label': 'not sexist', 'score': 0.9928092956542969}"
291380,"{'label': 'not sexist', 'score': 0.9992683529853821}"
288843,"{'label': 'not sexist', 'score': 0.9986215829849243}"
79909,"{'label': 'not sexist', 'score': 0.9991323351860046}"
330182,"{'label': 'not sexist', 'score': 0.9985530972480774}"
212150,"{'label': 'not sexist', 'score': 0.9987620115280151}"
26941,"{'label': 'not sexist', 'score': 0.9976825714111328}"
92959,"{'label': 'not sexist', 'score': 0.9991217255592346}"
228328,"{'label': 'not sexist', 'score': 0.99946528673172}"
111639,"{'label': 'not sexist', 'score': 0.7262364625930786}"
28978,"{'label': 'not sexist', 'score': 0.9987713694572449}"
23133,"{'label': 'not sexist', 'score': 0.9983561635017395}"
180196,"{'label': 'not sexist', 'score': 0.9994044303894043}"
613,"{'label': 'not sexist', 'score': 0.9984242916107178}"
48601,"{'label': 'not sexist', 'score': 0.9988858103752136}"
356637,"{'label': 'not sexist', 'score': 0.9992225170135498}"
333300,"{'label': 'not sexist', 'score': 0.9988183379173279}"
150558,"{'label': 'not sexist', 'score': 0.9986762404441833}"
120537,"{'label': 'not sexist', 'score': 0.9991825222969055}"
194585,"{'label': 'not sexist', 'score': 0.999038577079773}"
81907,"{'label': 'sexist', 'score': 0.9956195950508118}"
114862,"{'label': 'not sexist', 'score': 0.9984038472175598}"
6005,"{'label': 'not sexist', 'score': 0.9992433786392212}"
304844,"{'label': 'not sexist', 'score': 0.9990068078041077}"
328142,"{'label': 'not sexist', 'score': 0.9989713430404663}"
190082,"{'label': 'not sexist', 'score': 0.9990513920783997}"
35032,"{'label': 'not sexist', 'score': 0.9991568326950073}"
200569,"{'label': 'not sexist', 'score': 0.9993239641189575}"
86244,"{'label': 'not sexist', 'score': 0.9995242357254028}"
317848,"{'label': 'not sexist', 'score': 0.9994995594024658}"
61708,"{'label': 'not sexist', 'score': 0.9993630051612854}"
277088,"{'label': 'not sexist', 'score': 0.9686812162399292}"
303862,"{'label': 'not sexist', 'score': 0.9991822838783264}"
312740,"{'label': 'not sexist', 'score': 0.9992464780807495}"
264526,"{'label': 'not sexist', 'score': 0.9962116479873657}"
163299,"{'label': 'not sexist', 'score': 0.9991601705551147}"
137970,"{'label': 'not sexist', 'score': 0.9992431402206421}"
248874,"{'label': 'not sexist', 'score': 0.999228835105896}"
77823,"{'label': 'not sexist', 'score': 0.9992077946662903}"
209572,"{'label': 'not sexist', 'score': 0.9979264736175537}"
204266,"{'label': 'not sexist', 'score': 0.9986333250999451}"
31160,"{'label': 'not sexist', 'score': 0.999478280544281}"
136644,"{'label': 'not sexist', 'score': 0.9990567564964294}"
214128,"{'label': 'not sexist', 'score': 0.9993333220481873}"
230057,"{'label': 'not sexist', 'score': 0.9975181818008423}"
349244,"{'label': 'not sexist', 'score': 0.9988784193992615}"
328912,"{'label': 'not sexist', 'score': 0.998083233833313}"
115266,"{'label': 'not sexist', 'score': 0.9988701939582825}"
39551,"{'label': 'not sexist', 'score': 0.9989965558052063}"
316006,"{'label': 'not sexist', 'score': 0.9988270401954651}"
242149,"{'label': 'not sexist', 'score': 0.998771607875824}"
270730,"{'label': 'not sexist', 'score': 0.9989375472068787}"
155447,"{'label': 'not sexist', 'score': 0.9989006519317627}"
38333,"{'label': 'not sexist', 'score': 0.9993419051170349}"
107393,"{'label': 'not sexist', 'score': 0.9986496567726135}"
359244,"{'label': 'not sexist', 'score': 0.999248206615448}"
8324,"{'label': 'not sexist', 'score': 0.9993095397949219}"
184411,"{'label': 'not sexist', 'score': 0.9993001222610474}"
190019,"{'label': 'not sexist', 'score': 0.9989370703697205}"
31368,"{'label': 'not sexist', 'score': 0.9987573623657227}"
192539,"{'label': 'not sexist', 'score': 0.9990416169166565}"
217189,"{'label': 'not sexist', 'score': 0.9986363053321838}"
259873,
45801,"{'label': 'not sexist', 'score': 0.9993470311164856}"
254546,"{'label': 'not sexist', 'score': 0.9993606209754944}"
269328,"{'label': 'not sexist', 'score': 0.9985926747322083}"
155866,"{'label': 'not sexist', 'score': 0.9981120824813843}"
43311,"{'label': 'not sexist', 'score': 0.9989504814147949}"
62095,"{'label': 'not sexist', 'score': 0.9980905652046204}"
308036,"{'label': 'not sexist', 'score': 0.9988459348678589}"
307752,"{'label': 'not sexist', 'score': 0.999235987663269}"
45175,"{'label': 'not sexist', 'score': 0.9985153079032898}"
157114,"{'label': 'not sexist', 'score': 0.9987226128578186}"
343351,"{'label': 'not sexist', 'score': 0.9993734955787659}"
1845,"{'label': 'not sexist', 'score': 0.9993401169776917}"
218467,"{'label': 'not sexist', 'score': 0.9992820620536804}"
198653,"{'label': 'not sexist', 'score': 0.9990209341049194}"
260335,"{'label': 'not sexist', 'score': 0.9989325404167175}"
224576,"{'label': 'not sexist', 'score': 0.9994413256645203}"
257989,"{'label': 'not sexist', 'score': 0.9990432858467102}"
324701,"{'label': 'not sexist', 'score': 0.9993882179260254}"
278975,"{'label': 'not sexist', 'score': 0.9986788630485535}"
273521,"{'label': 'not sexist', 'score': 0.9990149736404419}"
315628,"{'label': 'not sexist', 'score': 0.9991790652275085}"
194635,"{'label': 'not sexist', 'score': 0.9988077878952026}"
252980,"{'label': 'not sexist', 'score': 0.9984476566314697}"
265362,"{'label': 'not sexist', 'score': 0.9992947578430176}"
39565,"{'label': 'not sexist', 'score': 0.9991668462753296}"
130383,"{'label': 'not sexist', 'score': 0.9992318153381348}"
344914,
297077,"{'label': 'not sexist', 'score': 0.9987922310829163}"
14409,"{'label': 'not sexist', 'score': 0.9987406134605408}"
137509,"{'label': 'not sexist', 'score': 0.9987615346908569}"
198379,"{'label': 'not sexist', 'score': 0.9992836117744446}"
72427,"{'label': 'not sexist', 'score': 0.9985920786857605}"
351833,"{'label': 'not sexist', 'score': 0.9980151653289795}"
338187,"{'label': 'not sexist', 'score': 0.9987590312957764}"
15965,"{'label': 'not sexist', 'score': 0.9989363551139832}"
128825,"{'label': 'not sexist', 'score': 0.9993927478790283}"
236067,"{'label': 'not sexist', 'score': 0.9992750287055969}"
346447,"{'label': 'not sexist', 'score': 0.9994053840637207}"
151109,
53260,"{'label': 'not sexist', 'score': 0.997660756111145}"
99745,"{'label': 'not sexist', 'score': 0.9992744326591492}"
187958,"{'label': 'not sexist', 'score': 0.9974912405014038}"
51861,
95452,"{'label': 'not sexist', 'score': 0.9992032647132874}"
197748,"{'label': 'not sexist', 'score': 0.9985874891281128}"
331131,"{'label': 'not sexist', 'score': 0.9991304278373718}"
132688,"{'label': 'not sexist', 'score': 0.9992368221282959}"
73627,"{'label': 'not sexist', 'score': 0.9772720336914062}"
244332,"{'label': 'not sexist', 'score': 0.9953429698944092}"
226510,"{'label': 'not sexist', 'score': 0.9987492561340332}"
174483,"{'label': 'not sexist', 'score': 0.9985812902450562}"
157230,"{'label': 'not sexist', 'score': 0.9990798234939575}"
339399,"{'label': 'not sexist', 'score': 0.9987801909446716}"
61550,"{'label': 'not sexist', 'score': 0.9989802241325378}"
145946,"{'label': 'not sexist', 'score': 0.9994080066680908}"
327930,"{'label': 'not sexist', 'score': 0.99825519323349}"
162885,"{'label': 'not sexist', 'score': 0.9991695880889893}"
142758,"{'label': 'not sexist', 'score': 0.9985699653625488}"
16504,"{'label': 'not sexist', 'score': 0.9988572597503662}"
30614,"{'label': 'not sexist', 'score': 0.9986967444419861}"
319554,"{'label': 'not sexist', 'score': 0.9982231259346008}"
85747,"{'label': 'not sexist', 'score': 0.9995699524879456}"
92175,"{'label': 'not sexist', 'score': 0.9982129335403442}"
128056,"{'label': 'not sexist', 'score': 0.999504804611206}"
52077,"{'label': 'not sexist', 'score': 0.9993189573287964}"
278874,"{'label': 'not sexist', 'score': 0.9983013868331909}"
323025,"{'label': 'not sexist', 'score': 0.999482274055481}"
221883,"{'label': 'not sexist', 'score': 0.9980515241622925}"
88365,"{'label': 'not sexist', 'score': 0.9990047812461853}"
129084,"{'label': 'not sexist', 'score': 0.9990977048873901}"
226576,"{'label': 'not sexist', 'score': 0.9991600513458252}"
